Date,Source,Region,Headline,Link
2026-10-01,ArXiv Biotech,Global,Does Global Neuronal Workspace Theory Explain Phenomenal Consciousness? The Motivated Emotional Mind Challenge,https://arxiv.org/abs/2609.38495
2026-10-01,ArXiv Biotech,Global,Fragment Path Complex Networks for Viral Genome Classification,https://arxiv.org/abs/2609.38651
2026-10-01,ArXiv Biotech,Global,Ca$^{2+}$-tunable mechanics and recoil in reconstituted Tcb2 networks,https://arxiv.org/abs/2609.38667
2026-10-01,ArXiv Biotech,Global,A kinetic model predicts that tau-catalyzed A$\beta$ nucleation can raise oligomer burden without increasing plaque volume,https://arxiv.org/abs/2609.38708
2026-10-01,ArXiv Biotech,Global,CellMSA: Context Modeling for Single-Cell Representation Learning,https://arxiv.org/abs/2609.38908
2026-10-01,ArXiv Biotech,Global,Association profile conditioning in a set-temporal transformer for cross-session intracortical motor decoding,https://arxiv.org/abs/2609.39080
2026-10-01,ArXiv Biotech,Global,"Evolutionary foraging in grids: Intermittent search dynamics emerge in finite, depletable landscapes",https://arxiv.org/abs/2609.39239
2026-10-01,ArXiv Biotech,Global,Belief-Based Maximum Occupancy Principle and Active Inference,https://arxiv.org/abs/2609.39342
2026-10-01,ArXiv Biotech,Global,Fluctuating growth rate and spatial diffusion shape plankton diversity,https://arxiv.org/abs/2609.39419
2026-10-01,ArXiv Biotech,Global,A Stage-Structured Deterministic Model of Fall Armyworm Infestation on Maize Farming,https://arxiv.org/abs/2609.39809
